1511067600,2017/11/19 05:00,7805.337563,734.3869494
1511071200,2017/11/19 06:00,7756.209336,883.4191655
1511074800,2017/11/19 07:00,7752.981208,789.7200675
1511078400,2017/11/19 08:00,7694.022492,2038.65057
1511082000,2017/11/19 09:00,7714.742929,773.9651768
1511085600,2017/11/19 10:00,7768.620304,610.0890276
1511089200,2017/11/19 11:00,7773.09203,492.2146683
1511092800,2017/11/19 12:00,7764.648197,643.3517064
1511096400,2017/11/19 13:00,7730.236831,780.235991
1511100000,2017/11/19 14:00,7767.733222,974.2219344
1511103600,2017/11/19 15:00,7789.249447,1053.884013
1511107200,2017/11/19 16:00,7756.137501,624.8067493
1511110800,2017/11/19 17:00,7796.115953,1045.073162
1511114400,2017/11/19 18:00,7919.551428,5966.26136
1511118000,2017/11/19 19:00,8036.475357,7623.102551
1511121600,2017/11/19 20:00,8013.837527,3356.239163
1511125200,2017/11/19 21:00,8090.352642,3666.358362
1511128800,2017/11/19 22:00,8053.29143,1513.522169
1511132400,2017/11/19 23:00,8001.657366,1920.27742
1511136000,2017/11/20 00:00,8031.967889,1007.144301
1511139600,2017/11/20 01:00,8052.437143,951.0744685
1511143200,2017/11/20 02:00,8034.169152,1119.215069
1511146800,2017/11/20 03:00,7991.943711,1067.1462
1511150400,2017/11/20 04:00,7960.3014,1138.948681
1511154000,2017/11/20 05:00,7997.709011,1000.800546
1511157600,2017/11/20 06:00,7998.14596,450.1026902
1511161200,2017/11/20 07:00,8003.546049,1674.079696
1511164800,2017/11/20 08:00,8035.085156,703.5189311
1511168400,2017/11/20 09:00,8058.906188,1159.217288
1511172000,2017/11/20 10:00,8048.205376,829.6582258
1511175600,2017/11/20 11:00,8043.495853,629.1469169
1511179200,2017/11/20 12:00,8067.735576,677.3326131
1511182800,2017/11/20 13:00,8131.552437,2942.665893
1511186400,2017/11/20 14:00,8167.224516,2633.388734
1511190000,2017/11/20 15:00,8222.313064,3767.905385
1511193600,2017/11/20 16:00,8215.459261,1903.236322
1511197200,2017/11/20 17:00,8235.499891,1482.500825
1511200800,2017/11/20 18:00,8264.269885,1702.006833
1511204400,2017/11/20 19:00,8219.181305,1661.487234
1511208000,2017/11/20 20:00,8232.836532,2208.002455
1511211600,2017/11/20 21:00,8210.113231,3610.252167
1511215200,2017/11/20 22:00,8252.551058,1252.807029
1511218800,2017/11/20 23:00,8275.223331,1190.42468
1511222400,2017/11/21 00:00,8283.38981,2503.956586
1511226000,2017/11/21 01:00,8246.45989,1494.957975
1511229600,2017/11/21 02:00,8270.495648,963.6711501
1511233200,2017/11/21 03:00,8146.008508,4782.669084
1511236800,2017/11/21 04:00,7933.718954,12199.20413
1511240400,2017/11/21 05:00,7908.182732,6725.425186
1511244000,2017/11/21 06:00,8006.054225,4349.480667
1511247600,2017/11/21 07:00,8103.535505,2994.208419
1511251200,2017/11/21 08:00,8129.45053,1992.446572
1511254800,2017/11/21 09:00,8202.179287,2197.790151
1511258400,2017/11/21 10:00,8182.258143,1166.727569
1511262000,2017/11/21 11:00,8195.779187,983.0944344
1511265600,2017/11/21 12:00,8213.101052,1808.009947
1511269200,2017/11/21 13:00,8235.71698,1980.787017
1511272800,2017/11/21 14:00,8225.544582,939.4846128
1511276400,2017/11/21 15:00,8309.247902,2714.747791
1511280000,2017/11/21 16:00,8352.905864,1731.670359
1511283600,2017/11/21 17:00,8309.726078,2373.584877
1511287200,2017/11/21 18:00,8302.783977,1854.867683
1511290800,2017/11/21 19:00,8268.396421,1302.482798
1511294400,2017/11/21 20:00,8107.867983,6538.516204
1511298000,2017/11/21 21:00,8141.918499,3287.173982
1511301600,2017/11/21 22:00,8177.033414,1643.479632
1511305200,2017/11/21 23:00,8049.328359,3435.488467
1511308800,2017/11/22 00:00,8067.778405,2007.605804
1511312400,2017/11/22 01:00,8141.329132,905.6085137
1511316000,2017/11/22 02:00,8109.489895,1568.921827
1511319600,2017/11/22 03:00,8135.149778,1108.933391
1511323200,2017/11/22 04:00,8155.070303,1014.020156
1511326800,2017/11/22 05:00,8136.653796,1006.959315
1511330400,2017/11/22 06:00,8155.497183,753.2276025
1511334000,2017/11/22 07:00,8148.07358,602.9146745
1511337600,2017/11/22 08:00,8209.383483,1202.695392
1511341200,2017/11/22 09:00,8267.824423,1770.552598
1511344800,2017/11/22 10:00,8267.16018,934.0929487
1511348400,2017/11/22 11:00,8284.791543,965.319083
1511352000,2017/11/22 12:00,8284.222831,923.4498317
1511355600,2017/11/22 13:00,8243.116312,990.243462
1511359200,2017/11/22 14:00,8200.951691,1852.096694
1511362800,2017/11/22 15:00,8169.951503,2488.745869
1511366400,2017/11/22 16:00,8227.914954,965.7706993
1511370000,2017/11/22 17:00,8192.350987,1162.679045
1511373600,2017/11/22 18:00,8164.684895,1710.18225
1511377200,2017/11/22 19:00,8118.636767,1649.370949
1511380800,2017/11/22 20:00,8156.935437,767.5562092
1511384400,2017/11/22 21:00,8178.367058,874.4145479
1511388000,2017/11/22 22:00,8187.536602,952.911388
1511391600,2017/11/22 23:00,8243.87562,1849.647039
1511395200,2017/11/23 00:00,8246.886484,816.5794895
1511398800,2017/11/23 01:00,8234.288727,1199.025275
1511402400,2017/11/23 02:00,8203.782372,1008.817044
1511406000,2017/11/23 03:00,8211.289938,499.9000878
1511409600,2017/11/23 04:00,8190.053137,1231.395869
1511413200,2017/11/23 05:00,8190.69253,935.0859874
1511416800,2017/11/23 06:00,8243.020957,932.620515
1511420400,2017/11/23 07:00,8243.478252,818.1980351
1511424000,2017/11/23 08:00,8166.46971,2191.87614
1511427600,2017/11/23 09:00,8121.197878,2958.977792
1511431200,2017/11/23 10:00,8158.937357,815.3328472
1511434800,2017/11/23 11:00,8120.535389,1708.126663
1511438400,2017/11/23 12:00,8122.463407,1238.81884
1511442000,2017/11/23 13:00,8144.658616,1579.443739
1511445600,2017/11/23 14:00,8202.172792,1684.829251
1511449200,2017/11/23 15:00,8188.325526,1077.243156
1511452800,2017/11/23 16:00,8182.492278,973.9049422
1511456400,2017/11/23 17:00,8165.664874,796.7318716
1511460000,2017/11/23 18:00,8145.299251,1494.964283
1511463600,2017/11/23 19:00,8130.55712,1321.550471
1511467200,2017/11/23 20:00,8143.670108,1074.741791
1511470800,2017/11/23 21:00,8157.676168,745.5196468
1511474400,2017/11/23 22:00,8165.14445,574.2779874
1511478000,2017/11/23 23:00,8145.111266,1252.375867
1511481600,2017/11/24 00:00,8048.038089,3990.749739
1511485200,2017/11/24 01:00,8021.962609,2342.145798
1511488800,2017/11/24 02:00,7921.262187,4293.773714
1511492400,2017/11/24 03:00,8006.34907,2205.282977
1511496000,2017/11/24 04:00,8074.994199,1889.475752
1511499600,2017/11/24 05:00,8027.89614,1136.582096
1511503200,2017/11/24 06:00,8057.897388,1057.02791
1511506800,2017/11/24 07:00,8124.108993,1220.210137
1511510400,2017/11/24 08:00,8191.663828,3537.68682
1511514000,2017/11/24 09:00,8291.563763,4804.751328
1511517600,2017/11/24 10:00,8157.065921,3739.18479
1511521200,2017/11/24 11:00,8175.441783,868.1022948
1511524800,2017/11/24 12:00,8231.054575,1796.703854
1511528400,2017/11/24 13:00,8217.302302,1272.048503
1511532000,2017/11/24 14:00,8186.265123,1052.329082
1511535600,2017/11/24 15:00,8175.340099,1129.092466
1511539200,2017/11/24 16:00,8187.49172,1223.587254
1511542800,2017/11/24 17:00,8168.71373,1129.153094
1511546400,2017/11/24 18:00,8205.765362,1390.046858
1511550000,2017/11/24 19:00,8237.962069,882.3480138
1511553600,2017/11/24 20:00,8245.390008,1436.899171
1511557200,2017/11/24 21:00,8202.903373,1313.239863
1511560800,2017/11/24 22:00,8250.078196,1494.948714
1511564400,2017/11/24 23:00,8241.069356,618.2902448
1511568000,2017/11/25 00:00,8209.869567,943.8864677
1511571600,2017/11/25 01:00,8191.820286,1050.684751
1511575200,2017/11/25 02:00,8166.237526,1466.488906
1511578800,2017/11/25 03:00,8181.364565,927.0960392
1511582400,2017/11/25 04:00,8202.745472,705.0132458
1511586000,2017/11/25 05:00,8229.40246,1172.672362
1511589600,2017/11/25 06:00,8239.261816,695.8991912
1511593200,2017/11/25 07:00,8240.014657,426.3266101
1511596800,2017/11/25 08:00,8300.836603,1941.331844
1511600400,2017/11/25 09:00,8421.858352,6092.428465
1511604000,2017/11/25 10:00,8478.940299,4020.049987
1511607600,2017/11/25 11:00,8477.081535,1649.932628
1511611200,2017/11/25 12:00,8452.43987,1585.290576
1511614800,2017/11/25 13:00,8581.067001,4588.988084
1511618400,2017/11/25 14:00,8621.84764,2896.24369
1511622000,2017/11/25 15:00,8597.990534,1292.105349
1511625600,2017/11/25 16:00,8600.653435,2127.753893
1511629200,2017/11/25 17:00,8695.889537,2374.752106
1511632800,2017/11/25 18:00,8693.451623,1704.947348
1511636400,2017/11/25 19:00,8668.66892,1783.313052
1511640000,2017/11/25 20:00,8641.074107,1066.569529
1511643600,2017/11/25 21:00,8683.633227,625.9889186
1511647200,2017/11/25 22:00,8691.387777,744.4096984
1511650800,2017/11/25 23:00,8721.103254,1644.054686
1511654400,2017/11/26 00:00,8736.518482,1604.347918
1511658000,2017/11/26 01:00,8776.28827,936.8158995
1511661600,2017/11/26 02:00,8804.729623,4163.627909
1511665200,2017/11/26 03:00,8848.69589,3240.102463
1511668800,2017/11/26 04:00,8831.085397,767.9324925
1511672400,2017/11/26 05:00,8882.31566,1203.338845
1511676000,2017/11/26 06:00,8899.055426,1506.616244
1511679600,2017/11/26 07:00,8951.532356,1995.237556
1511683200,2017/11/26 08:00,9001.782,5214.070691
1511686800,2017/11/26 09:00,8941.96798,2023.852517
1511690400,2017/11/26 10:00,8915.486636,1976.069685
1511694000,2017/11/26 11:00,8868.479154,1923.047121
1511697600,2017/11/26 12:00,8976.402118,1175.691051
1511701200,2017/11/26 13:00,8946.244837,815.9550852
1511704800,2017/11/26 14:00,8986.140818,829.4804796
1511708400,2017/11/26 15:00,9005.750425,1174.011806
1511712000,2017/11/26 16:00,9078.220601,2468.624928
1511715600,2017/11/26 17:00,9213.687114,6871.864878
1511719200,2017/11/26 18:00,9309.370355,7233.525614
1511722800,2017/11/26 19:00,9400.864709,3741.824553
1511726400,2017/11/26 20:00,9286.204044,7685.223405
1511730000,2017/11/26 21:00,9366.402848,3764.097505
1511733600,2017/11/26 22:00,9298.115053,2892.63268
1511737200,2017/11/26 23:00,9386.559355,1818.820822
1511740800,2017/11/27 00:00,9303.220591,2154.221597
1511744400,2017/11/27 01:00,9493.945012,5343.736273
1511748000,2017/11/27 02:00,9638.810867,4945.166013
1511751600,2017/11/27 03:00,9579.223997,4461.228065
1511755200,2017/11/27 04:00,9597.605467,1705.748081
1511758800,2017/11/27 05:00,9684.09452,1926.094441
1511762400,2017/11/27 06:00,9621.377445,1745.046972
1511766000,2017/11/27 07:00,9716.323823,2255.01652
1511769600,2017/11/27 08:00,9693.65765,1706.757409
1511773200,2017/11/27 09:00,9695.954385,1844.654286
1511776800,2017/11/27 10:00,9441.636268,11890.13551
1511780400,2017/11/27 11:00,9479.336183,3751.841152
1511784000,2017/11/27 12:00,9567.24195,2411.340979
1511787600,2017/11/27 13:00,9650.853011,2567.498549
1511791200,2017/11/27 14:00,9590.433066,2376.318902
1511794800,2017/11/27 15:00,9602.312972,1407.161138
1511798400,2017/11/27 16:00,9644.473205,1916.426425
1511802000,2017/11/27 17:00,9578.505258,2188.311233
1511805600,2017/11/27 18:00,9509.175897,2519.717505
1511809200,2017/11/27 19:00,9554.469437,1450.06887
1511812800,2017/11/27 20:00,9510.708867,1346.028425
1511816400,2017/11/27 21:00,9544.313599,1219.158087
1511820000,2017/11/27 22:00,9640.781416,1663.838118
1511823600,2017/11/27 23:00,9611.330442,1038.950168
1511827200,2017/11/28 00:00,9700.147015,2772.114562
1511830800,2017/11/28 01:00,9697.550814,1369.380213
1511834400,2017/11/28 02:00,9657.791785,1585.512101
1511838000,2017/11/28 03:00,9653.082876,946.3755654
1511841600,2017/11/28 04:00,9670.704256,885.2625428
1511845200,2017/11/28 05:00,9741.358955,2605.262841
1511848800,2017/11/28 06:00,9838.228845,3929.848457
1511852400,2017/11/28 07:00,9849.765429,2020.894306
1511856000,2017/11/28 08:00,9844.388253,1350.252017
1511859600,2017/11/28 09:00,9807.156797,2501.933026
1511863200,2017/11/28 10:00,9855.326238,1109.914335
1511866800,2017/11/28 11:00,9826.732024,1275.992241
1511870400,2017/11/28 12:00,9900.999332,2695.469144
1511874000,2017/11/28 13:00,9882.633218,3241.728798
1511877600,2017/11/28 14:00,9795.405512,3339.12465
1511881200,2017/11/28 15:00,9857.871121,1529.682538
1511884800,2017/11/28 16:00,9862.829666,1434.31428
1511888400,2017/11/28 17:00,9878.577106,1310.489686
1511892000,2017/11/28 18:00,9886.869902,1080.815004
1511895600,2017/11/28 19:00,9940.902299,2270.221381
1511899200,2017/11/28 20:00,9912.495441,4166.805106
1511902800,2017/11/28 21:00,9880.965147,2099.600521
1511906400,2017/11/28 22:00,9886.285066,1472.227808
1511910000,2017/11/28 23:00,9921.628329,1143.751825
1511913600,2017/11/29 00:00,9882.558902,1704.75029
1511917200,2017/11/29 01:00,9920.117979,1051.827762
1511920800,2017/11/29 02:00,9993.028159,5378.093238
1511924400,2017/11/29 03:00,10062.31522,2962.795793
1511928000,2017/11/29 04:00,10224.54478,6620.248969
1511931600,2017/11/29 05:00,10316.24475,3488.810714
1511935200,2017/11/29 06:00,10518.73692,15405.68979
1511938800,2017/11/29 07:00,10342.56764,8168.246254
1511942400,2017/11/29 08:00,10455.99336,3826.088914
1511946000,2017/11/29 09:00,10597.90518,3525.690535
1511949600,2017/11/29 10:00,10673.92555,2559.030224
1511953200,2017/11/29 11:00,10707.55294,3185.72529
1511956800,2017/11/29 12:00,10784.20707,4164.635272
1511960400,2017/11/29 13:00,10875.3932,3186.62505
1511964000,2017/11/29 14:00,10992.8505,5808.9354
1511967600,2017/11/29 15:00,11226.64078,12681.28001
1511971200,2017/11/29 16:00,10731.19659,17488.70167
1511974800,2017/11/29 17:00,10860.77365,5721.722277
1511978400,2017/11/29 18:00,10580.52239,7193.12973
1511982000,2017/11/29 19:00,10464.25854,6231.095957
1511985600,2017/11/29 20:00,9598.967547,26076.75145
1511989200,2017/11/29 21:00,9749.742068,13560.70178
1511992800,2017/11/29 22:00,9783.275475,7990.943022
1511996400,2017/11/29 23:00,10048.86371,8697.837417
1512000000,2017/11/30 00:00,9712.188012,7346.472388
1512003600,2017/11/30 01:00,9865.751099,4323.187854
1512007200,2017/11/30 02:00,10230.59134,8214.280284
1512010800,2017/11/30 03:00,10335.27334,3348.839643
1512014400,2017/11/30 04:00,10380.72454,2222.901314
1512018000,2017/11/30 05:00,10488.21153,2396.073051
1512021600,2017/11/30 06:00,10314.04906,3118.216961
1512025200,2017/11/30 07:00,9964.295245,6100.530396
1512028800,2017/11/30 08:00,10040.36883,2313.488338
1512032400,2017/11/30 09:00,10190.7955,3139.068829
1512036000,2017/11/30 10:00,10075.43332,2554.764605
1512039600,2017/11/30 11:00,9734.115154,7021.722996
1512043200,2017/11/30 12:00,9622.416725,5760.214338
1512046800,2017/11/30 13:00,9674.490317,3049.50469
1512050400,2017/11/30 14:00,9193.832555,14099.46898
1512054000,2017/11/30 15:00,9128.081651,10105.7489
1512057600,2017/11/30 16:00,9174.478833,8677.321008
1512061200,2017/11/30 17:00,9255.569339,4455.655197
1512064800,2017/11/30 18:00,9332.925538,7632.285324
1512068400,2017/11/30 19:00,9571.342915,5121.686856
1512072000,2017/11/30 20:00,9744.184364,5449.339204
1512075600,2017/11/30 21:00,9590.926889,5912.636969
1512079200,2017/11/30 22:00,9578.760123,3230.415694
1512082800,2017/11/30 23:00,9814.235355,4978.692678
1512086400,2017/12/01 00:00,9972.283809,5602.440276
1512090000,2017/12/01 01:00,9926.633865,3940.063751
1512093600,2017/12/01 02:00,9722.017506,2941.537931
1512097200,2017/12/01 03:00,9637.259921,2998.735353
1512100800,2017/12/01 04:00,9668.862192,1590.12877
1512104400,2017/12/01 05:00,9786.417147,1900.487853
1512108000,2017/12/01 06:00,9632.083708,2228.986584
1512111600,2017/12/01 07:00,9543.294724,2034.242891
1512115200,2017/12/01 08:00,9456.151894,2424.396099
1512118800,2017/12/01 09:00,9703.459534,3427.516476
1512122400,2017/12/01 10:00,9930.985018,4432.037151
1512126000,2017/12/01 11:00,9885.870733,2767.214588
1512129600,2017/12/01 12:00,9914.087889,2003.276744
1512133200,2017/12/01 13:00,10183.21368,7523.506546
1512136800,2017/12/01 14:00,10491.40008,9848.168952
1512140400,2017/12/01 15:00,10619.7961,7429.081925
1512144000,2017/12/01 16:00,10518.06352,3618.540691
1512147600,2017/12/01 17:00,10599.21707,2989.471399
1512151200,2017/12/01 18:00,10508.84147,2782.121474
1512154800,2017/12/01 19:00,10511.09104,1601.260494
1512158400,2017/12/01 20:00,10571.3464,2650.290168
1512162000,2017/12/01 21:00,10748.67847,4294.092993
1512165600,2017/12/01 22:00,10846.75502,4032.287032
1512169200,2017/12/01 23:00,10832.40504,2477.430758
1512172800,2017/12/02 00:00,10787.68266,2165.281045
1512176400,2017/12/02 01:00,10923.5658,1915.029602
1512180000,2017/12/02 02:00,11035.13368,4757.353488
1512183600,2017/12/02 03:00,11009.03935,2360.389259
1512187200,2017/12/02 04:00,10925.43841,1944.868098
1512190800,2017/12/02 05:00,10751.98647,4651.066517
1512194400,2017/12/02 06:00,10776.93349,1363.274137
1512198000,2017/12/02 07:00,10907.94904,1405.553782
1512201600,2017/12/02 08:00,10902.20216,1256.230245
1512205200,2017/12/02 09:00,10918.59231,2018.461743
1512208800,2017/12/02 10:00,11078.28961,2821.04478
1512212400,2017/12/02 11:00,11140.41478,1743.31988
1512216000,2017/12/02 12:00,10939.81846,3041.930986
1512219600,2017/12/02 13:00,10995.13185,1029.522387
1512223200,2017/12/02 14:00,11055.54322,1708.606763
1512226800,2017/12/02 15:00,10805.2859,5891.149341
1512230400,2017/12/02 16:00,10791.69163,2598.874364
1512234000,2017/12/02 17:00,10764.40943,1170.978915
1512237600,2017/12/02 18:00,10865.48672,1399.75827
1512241200,2017/12/02 19:00,10948.27637,1342.598605
1512244800,2017/12/02 20:00,10894.65834,740.3121273
1512248400,2017/12/02 21:00,10901.75156,947.6580778
1512252000,2017/12/02 22:00,10989.79046,1390.12441
1512255600,2017/12/02 23:00,10971.37798,763.4209157
1512259200,2017/12/03 00:00,10909.64724,1425.990569
1512262800,2017/12/03 01:00,10881.12441,2663.696792
1512266400,2017/12/03 02:00,10836.1849,1788.937055
1512270000,2017/12/03 03:00,10891.60059,566.5008604
1512273600,2017/12/03 04:00,10893.48725,964.1144778
1512277200,2017/12/03 05:00,11005.77674,2335.197167
1512280800,2017/12/03 06:00,11031.02511,1338.397891
1512284400,2017/12/03 07:00,11049.90403,1553.146239
1512288000,2017/12/03 08:00,11135.86626,1393.908973
1512291600,2017/12/03 09:00,11132.74654,996.1240673
1512295200,2017/12/03 10:00,11108.06902,882.4043395
1512298800,2017/12/03 11:00,11116.70357,923.3069997
1512302400,2017/12/03 12:00,11440.12101,11324.52956
1512306000,2017/12/03 13:00,11688.61869,7028.302369
1512309600,2017/12/03 14:00,11691.45027,2828.191509
1512313200,2017/12/03 15:00,11617.53282,2375.446909
1512316800,2017/12/03 16:00,11761.41471,2567.249235
1512320400,2017/12/03 17:00,11729.15188,1784.491522
1512324000,2017/12/03 18:00,11695.38474,1296.271997
1512327600,2017/12/03 19:00,11686.26511,837.7276367
1512331200,2017/12/03 20:00,11727.83336,733.5139265
1512334800,2017/12/03 21:00,11453.52781,12082.73096
1512338400,2017/12/03 22:00,10895.95062,14756.04813
1512342000,2017/12/03 23:00,10767.71653,15690.6722
1512345600,2017/12/04 00:00,11053.07293,3947.470502
1512349200,2017/12/04 01:00,11219.83622,4113.231218
1512352800,2017/12/04 02:00,11407.02566,4184.279721
1512356400,2017/12/04 03:00,11248.67145,2206.318603
1512360000,2017/12/04 04:00,11320.5752,1611.310369
1512363600,2017/12/04 05:00,11465.25298,2601.959357
1512367200,2017/12/04 06:00,11428.02881,2113.56645
1512370800,2017/12/04 07:00,11384.46373,1118.212281
1512374400,2017/12/04 08:00,11465.96178,1472.704431
1512378000,2017/12/04 09:00,11480.83111,1237.181673
1512381600,2017/12/04 10:00,11437.16167,1935.316501
1512385200,2017/12/04 11:00,11272.81219,2918.306606
1512388800,2017/12/04 12:00,11211.51956,1976.804316
1512392400,2017/12/04 13:00,11144.95064,2005.992861
1512396000,2017/12/04 14:00,10978.1733,8044.961486
1512399600,2017/12/04 15:00,11318.21627,3007.079456
1512403200,2017/12/04 16:00,11267.73245,3313.827163
1512406800,2017/12/04 17:00,11258.25058,1285.666924
1512410400,2017/12/04 18:00,11284.22869,1041.753062
1512414000,2017/12/04 19:00,11110.05793,4003.35262
1512417600,2017/12/04 20:00,11134.55016,1517.871921
1512421200,2017/12/04 21:00,11395.4191,5257.392589
1512424800,2017/12/04 22:00,11491.92052,3236.843009
1512428400,2017/12/04 23:00,11429.04279,1572.749656
1512432000,2017/12/05 00:00,11519.94526,1961.151834
1512435600,2017/12/05 01:00,11577.63749,1879.891132
1512439200,2017/12/05 02:00,11541.02515,1013.671074
1512442800,2017/12/05 03:00,11568.31934,2874.433129
1512446400,2017/12/05 04:00,11545.27705,1093.568607
1512450000,2017/12/05 05:00,11461.66296,1934.336313
1512453600,2017/12/05 06:00,11518.50768,944.4910157
1512457200,2017/12/05 07:00,11538.2832,711.264215
1512460800,2017/12/05 08:00,11699.26016,4356.980634
1512464400,2017/12/05 09:00,11783.70204,2127.547669
1512468000,2017/12/05 10:00,11729.86437,1728.384073
1512471600,2017/12/05 11:00,11593.46307,2702.688934
1512475200,2017/12/05 12:00,11652.63403,938.5080277
1512478800,2017/12/05 13:00,11676.61968,1375.855172
1512482400,2017/12/05 14:00,11847.57559,4713.083729
1512486000,2017/12/05 15:00,11800.72837,1391.378407
1512489600,2017/12/05 16:00,11797.40773,1601.308354
1512493200,2017/12/05 17:00,11616.13244,6026.100773
1512496800,2017/12/05 18:00,11670.65719,2193.121489
1512500400,2017/12/05 19:00,11660.57621,1483.834701
1512504000,2017/12/05 20:00,11716.10312,1481.642813
1512507600,2017/12/05 21:00,11737.44378,1162.633114
1512511200,2017/12/05 22:00,11709.39472,946.6726717
1512514800,2017/12/05 23:00,11677.82278,1795.393985
1512518400,2017/12/06 00:00,11636.86561,2404.984875
1512522000,2017/12/06 01:00,11728.46026,3012.915899
1512525600,2017/12/06 02:00,11820.33355,2584.656123
1512529200,2017/12/06 03:00,12035.26245,6317.300889
1512532800,2017/12/06 04:00,12191.09163,3418.949826
1512536400,2017/12/06 05:00,12186.90431,2062.959988
1512540000,2017/12/06 06:00,12177.27577,2114.625636
1512543600,2017/12/06 07:00,12344.68092,2614.916533
1512547200,2017/12/06 08:00,12405.88801,3371.152957
1512550800,2017/12/06 09:00,12408.41576,1877.705817
1512554400,2017/12/06 10:00,12486.16023,1936.110364
1512558000,2017/12/06 11:00,12640.05335,2782.287817
1512561600,2017/12/06 12:00,12536.01543,4846.305959
1512565200,2017/12/06 13:00,12631.85199,1987.791642
1512568800,2017/12/06 14:00,12615.47499,2623.00096
1512572400,2017/12/06 15:00,12693.31605,1695.927272
1512576000,2017/12/06 16:00,12512.34629,4318.412921
1512579600,2017/12/06 17:00,12352.42267,4237.771002
1512583200,2017/12/06 18:00,12532.05604,3032.857352
1512586800,2017/12/06 19:00,12672.46001,2056.722419
1512590400,2017/12/06 20:00,12899.85713,4570.924018
1512594000,2017/12/06 21:00,12965.77282,5171.05589
1512597600,2017/12/06 22:00,13039.8961,3258.765779
1512601200,2017/12/06 23:00,13382.70056,6278.995742
1512604800,2017/12/07 00:00,13388.94358,7423.00779
1512608400,2017/12/07 01:00,13790.49554,7498.127611
1512612000,2017/12/07 02:00,13725.52944,6343.989807
1512615600,2017/12/07 03:00,13463.11244,6132.301326
1512619200,2017/12/07 04:00,13716.04499,3041.465986
1512622800,2017/12/07 05:00,13869.05547,2820.707582
1512626400,2017/12/07 06:00,13986.5999,4405.290118
1512630000,2017/12/07 07:00,14022.14246,2543.14635
1512633600,2017/12/07 08:00,13988.11164,2530.037537
1512637200,2017/12/07 09:00,14263.01358,6106.771713
1512640800,2017/12/07 10:00,14273.80894,2544.036941
1512644400,2017/12/07 11:00,14473.54003,5713.016097
1512648000,2017/12/07 12:00,14166.21281,9726.371086
1512651600,2017/12/07 13:00,14173.30413,4832.741863
1512655200,2017/12/07 14:00,14670.82086,5907.822671
1512658800,2017/12/07 15:00,14938.44379,6411.886732
1512662400,2017/12/07 16:00,15225.95188,8919.248157
1512666000,2017/12/07 17:00,15346.86455,13434.64173
1512669600,2017/12/07 18:00,14968.90582,7516.356282
1512673200,2017/12/07 19:00,15593.49126,6343.802556
1512676800,2017/12/07 20:00,15352.28196,8062.570347
1512680400,2017/12/07 21:00,15387.82104,3357.904856
1512684000,2017/12/07 22:00,15819.66475,6159.151044
1512687600,2017/12/07 23:00,16216.46339,5168.209815
1512691200,2017/12/08 00:00,16273.04866,5447.425144
1512694800,2017/12/08 01:00,16743.63451,4538.268791
1512698400,2017/12/08 02:00,16863.2601,4784.796104
1512702000,2017/12/08 03:00,16665.74061,6354.421751
1512705600,2017/12/08 04:00,15939.69925,10005.00899
1512709200,2017/12/08 05:00,15929.33152,6277.16041
1512712800,2017/12/08 06:00,14767.39375,14156.66447
1512716400,2017/12/08 07:00,15375.35484,7407.382066
1512720000,2017/12/08 08:00,15809.31383,5367.838268
1512723600,2017/12/08 09:00,15650.39532,3101.74597
1512727200,2017/12/08 10:00,15003.79016,6885.35857
1512730800,2017/12/08 11:00,15030.24135,4460.752338
1512734400,2017/12/08 12:00,14313.67822,8487.585661
1512738000,2017/12/08 13:00,14804.37015,4961.338737
1512741600,2017/12/08 14:00,14631.87,5403.92655
1512745200,2017/12/08 15:00,15252.37694,5917.460312
1512748800,2017/12/08 16:00,15327.88686,2955.870359
1512752400,2017/12/08 17:00,15094.86172,3875.456613
1512756000,2017/12/08 18:00,14890.12872,2625.618046
1512759600,2017/12/08 19:00,14760.99067,2079.568971
1512763200,2017/12/08 20:00,15154.78951,3045.221846
1512766800,2017/12/08 21:00,14935.62707,2317.652089
1512770400,2017/12/08 22:00,15354.7014,3951.688797
1512774000,2017/12/08 23:00,15729.92384,2313.300591
1512777600,2017/12/09 00:00,15803.42204,2510.023
1512781200,2017/12/09 01:00,16033.7706,3207.615148
1512784800,2017/12/09 02:00,15698.96336,2773.677824
1512788400,2017/12/09 03:00,15540.43805,2152.301132
1512792000,2017/12/09 04:00,15521.81445,1242.791889
1512795600,2017/12/09 05:00,15351.1899,2043.650246
1512799200,2017/12/09 06:00,15022.19592,3067.208002
1512802800,2017/12/09 07:00,15215.22972,1613.387894
1512806400,2017/12/09 08:00,15308.5229,1334.809726
1512810000,2017/12/09 09:00,15064.20885,1445.408324
1512813600,2017/12/09 10:00,14883.74469,2388.186696
1512817200,2017/12/09 11:00,14604.65173,3309.551863
1512820800,2017/12/09 12:00,14577.58892,3883.221952
1512824400,2017/12/09 13:00,14823.8238,3193.595095
1512828000,2017/12/09 14:00,14828.36769,1533.979173
1512831600,2017/12/09 15:00,14816.2675,1551.577117
1512835200,2017/12/09 16:00,14484.14577,2752.358075
1512838800,2017/12/09 17:00,14025.69589,7285.329346
1512842400,2017/12/09 18:00,13445.62213,10122.27035
1512846000,2017/12/09 19:00,13989.16392,9274.873216
1512849600,2017/12/09 20:00,13973.56678,3832.097681
1512853200,2017/12/09 21:00,14368.05065,2728.698186
1512856800,2017/12/09 22:00,14235.91642,1756.901891
1512860400,2017/12/09 23:00,14639.72121,3223.152817
1512864000,2017/12/10 00:00,14558.55936,1753.213149
1512867600,2017/12/10 01:00,14178.09395,3520.939002
1512871200,2017/12/10 02:00,13634.04417,4609.594172
1512874800,2017/12/10 03:00,13730.19336,4526.080017
1512878400,2017/12/10 04:00,13095.87653,8725.111858
1512882000,2017/12/10 05:00,13085.67752,7940.515494
1512885600,2017/12/10 06:00,13171.81411,3744.555852
1512889200,2017/12/10 07:00,13502.85964,2776.093197
1512892800,2017/12/10 08:00,13370.94434,2983.381247
1512896400,2017/12/10 09:00,13139.31419,2791.959048
1512900000,2017/12/10 10:00,13401.90538,2340.924793
1512903600,2017/12/10 11:00,13734.48649,2853.319225
1512907200,2017/12/10 12:00,13606.5149,2147.36672
1512910800,2017/12/10 13:00,13583.31263,1629.223367
1512914400,2017/12/10 14:00,14277.51667,5577.465243
1512918000,2017/12/10 15:00,15104.36882,10593.13041
1512921600,2017/12/10 16:00,15187.3312,7135.412354
1512925200,2017/12/10 17:00,15322.36854,4274.815241
1512928800,2017/12/10 18:00,15272.60936,1971.081283
1512932400,2017/12/10 19:00,15111.14996,2849.148177
1512936000,2017/12/10 20:00,15391.38751,2205.577661
1512939600,2017/12/10 21:00,15357.08436,1895.733872
1512943200,2017/12/10 22:00,14723.57849,6113.944056
1512946800,2017/12/10 23:00,14595.17967,3317.458017
1512950400,2017/12/11 00:00,15241.06279,10461.86856
1512954000,2017/12/11 01:00,15161.51604,2926.675237
1512957600,2017/12/11 02:00,15771.63956,5723.074374
1512961200,2017/12/11 03:00,15991.4592,3774.61148
1512964800,2017/12/11 04:00,16205.17004,7145.323734
1512968400,2017/12/11 05:00,16164.29111,4864.889225
1512972000,2017/12/11 06:00,16158.05547,1876.252208
1512975600,2017/12/11 07:00,16441.96438,3156.918155
1512979200,2017/12/11 08:00,16560.81785,1853.352282
1512982800,2017/12/11 09:00,16494.40978,2133.235467
1512986400,2017/12/11 10:00,16348.8674,1975.891263
1512990000,2017/12/11 11:00,16481.40609,2286.314074
1512993600,2017/12/11 12:00,16280.38184,3637.557823
1512997200,2017/12/11 13:00,16301.35039,1695.91206
1513000800,2017/12/11 14:00,16123.6959,2623.893242
1513004400,2017/12/11 15:00,16213.34694,1657.647232
1513008000,2017/12/11 16:00,16295.70351,1563.923125
1513011600,2017/12/11 17:00,16369.33328,1848.476356
1513015200,2017/12/11 18:00,16263.22126,1556.291467
1513018800,2017/12/11 19:00,16443.62059,2307.516301
1513022400,2017/12/11 20:00,16812.85908,4733.887963
1513026000,2017/12/11 21:00,17234.24264,7309.882623
1513029600,2017/12/11 22:00,17064.25805,4731.100232
1513033200,2017/12/11 23:00,16971.85465,3661.25038
1513036800,2017/12/12 00:00,16781.24644,2889.217347
1513040400,2017/12/12 01:00,16682.27811,3107.98133
1513044000,2017/12/12 02:00,16799.92005,1950.967018
1513047600,2017/12/12 03:00,16833.99359,2590.004121
1513051200,2017/12/12 04:00,16524.34172,3807.536883
1513054800,2017/12/12 05:00,16362.20998,2653.762418
1513058400,2017/12/12 06:00,16399.84924,2151.018889
1513062000,2017/12/12 07:00,16453.65521,1835.24851
1513065600,2017/12/12 08:00,16586.11912,2310.59229
1513069200,2017/12/12 09:00,16844.9406,2056.203256
1513072800,2017/12/12 10:00,16902.05893,1507.552261
1513076400,2017/12/12 11:00,16735.59118,1750.766075
1513080000,2017/12/12 12:00,16799.93605,1706.676694
1513083600,2017/12/12 13:00,16722.42548,2521.084249
1513087200,2017/12/12 14:00,17079.03125,3143.441954
1513090800,2017/12/12 15:00,17084.32659,1250.743859
1513094400,2017/12/12 16:00,16963.78271,1781.638037
1513098000,2017/12/12 17:00,17093.59342,1465.057266
1513101600,2017/12/12 18:00,17171.67788,1390.343139
1513105200,2017/12/12 19:00,17411.78538,3764.03302
1513108800,2017/12/12 20:00,17372.06058,1792.676385
1513112400,2017/12/12 21:00,17248.64324,1889.838802
1513116000,2017/12/12 22:00,17078.5718,1985.307438
1513119600,2017/12/12 23:00,17157.11579,1184.356865
1513123200,2017/12/13 00:00,16955.36586,2473.618047
1513126800,2017/12/13 01:00,17173.42627,1875.720961
1513130400,2017/12/13 02:00,16876.88501,2602.661405
1513134000,2017/12/13 03:00,16270.13585,6481.514256
1513137600,2017/12/13 04:00,16279.73873,2304.226205
1513141200,2017/12/13 05:00,16239.0049,1493.151086
1513144800,2017/12/13 06:00,16708.6233,2809.131582
1513148400,2017/12/13 07:00,16582.27611,1170.129439
1513152000,2017/12/13 08:00,16528.62011,1326.770144
1513155600,2017/12/13 09:00,16464.07317,1581.458755
1513159200,2017/12/13 10:00,16537.21595,1207.764086
1513162800,2017/12/13 11:00,16713.12442,1881.176061
1513166400,2017/12/13 12:00,16665.02882,1100.015785
1513170000,2017/12/13 13:00,16928.91183,3261.608891
1513173600,2017/12/13 14:00,16997.69251,1879.07526
1513177200,2017/12/13 15:00,17037.79732,1968.106298
1513180800,2017/12/13 16:00,17009.24276,1811.870229
1513184400,2017/12/13 17:00,16734.55776,3241.816357
1513188000,2017/12/13 18:00,16327.42058,5640.31263
1513191600,2017/12/13 19:00,15990.19465,6322.38701
1513195200,2017/12/13 20:00,16312.82135,3374.564984
1513198800,2017/12/13 21:00,16288.09852,2269.43964
1513202400,2017/12/13 22:00,16625.28519,2668.232224
1513206000,2017/12/13 23:00,16471.66507,1936.897384
1513209600,2017/12/14 00:00,16155.34254,2608.137998
1513213200,2017/12/14 01:00,16208.05248,1546.721699
1513216800,2017/12/14 02:00,16236.92045,1449.110969
1513220400,2017/12/14 03:00,16039.99474,2953.020167
1513224000,2017/12/14 04:00,16074.53872,1451.184501
1513227600,2017/12/14 05:00,16404.85644,2844.737277
1513231200,2017/12/14 06:00,16360.40006,2352.27418
1513234800,2017/12/14 07:00,16355.73192,1682.381306
1513238400,2017/12/14 08:00,16354.84826,1786.46745
1513242000,2017/12/14 09:00,16791.72858,4031.886708
1513245600,2017/12/14 10:00,16533.71321,1503.615638
1513249200,2017/12/14 11:00,16470.46274,1535.918874
1513252800,2017/12/14 12:00,16497.75357,1364.695175
1513256400,2017/12/14 13:00,16599.1212,1526.482304
1513260000,2017/12/14 14:00,16544.28125,1739.795479
1513263600,2017/12/14 15:00,16323.65676,2416.623513
1513267200,2017/12/14 16:00,16126.363,3339.546141
1513270800,2017/12/14 17:00,16327.89251,1757.841986
1513274400,2017/12/14 18:00,16440.73463,2215.310011
1513278000,2017/12/14 19:00,16485.6457,1888.369984
1513281600,2017/12/14 20:00,16414.58385,1502.062077
1513285200,2017/12/14 21:00,16363.99876,1256.460026
1513288800,2017/12/14 22:00,16284.92509,1370.659902
1513292400,2017/12/14 23:00,16390.83154,973.94947
1513296000,2017/12/15 00:00,16354.656,1206.997292
1513299600,2017/12/15 01:00,16734.93697,4147.953146
1513303200,2017/12/15 02:00,17004.4657,4639.942308
1513306800,2017/12/15 03:00,17381.20637,6694.146019
1513310400,2017/12/15 04:00,17265.92097,4356.253191
1513314000,2017/12/15 05:00,17156.15619,2294.843545
1513317600,2017/12/15 06:00,17288.8193,1711.69227
1513321200,2017/12/15 07:00,17193.29998,1550.567483
1513324800,2017/12/15 08:00,17088.67975,1538.471556
1513328400,2017/12/15 09:00,17156.0655,1903.655922
1513332000,2017/12/15 10:00,17543.19795,3810.840856
1513335600,2017/12/15 11:00,17889.03621,5885.094927
1513339200,2017/12/15 12:00,17893.32575,1786.823517
1513342800,2017/12/15 13:00,17953.84101,1946.116184
1513346400,2017/12/15 14:00,17746.16521,3153.949307
1513350000,2017/12/15 15:00,17802.3171,1617.199457
1513353600,2017/12/15 16:00,17655.47175,2363.893106
1513357200,2017/12/15 17:00,17689.68118,1500.382579
1513360800,2017/12/15 18:00,17609.02605,1133.057149
1513364400,2017/12/15 19:00,17636.82908,1544.727831
1513368000,2017/12/15 20:00,17735.36658,1284.058853
1513371600,2017/12/15 21:00,17773.02713,1318.695361
1513375200,2017/12/15 22:00,17498.85882,3153.83381
1513378800,2017/12/15 23:00,17338.76927,2373.352544
1513382400,2017/12/16 00:00,17527.82584,1354.897081
1513386000,2017/12/16 01:00,17538.48977,1061.201679
1513389600,2017/12/16 02:00,17493.67024,972.0140391
1513393200,2017/12/16 03:00,17423.5851,939.2401933
1513396800,2017/12/16 04:00,17324.54082,2531.427937
1513400400,2017/12/16 05:00,17440.07228,830.4005571
1513404000,2017/12/16 06:00,17530.20731,557.7150322
1513407600,2017/12/16 07:00,17643.12152,1305.765186
1513411200,2017/12/16 08:00,17797.18375,1615.844166
1513414800,2017/12/16 09:00,17749.73512,1240.836239
1513418400,2017/12/16 10:00,17860.28098,975.8963174
1513422000,2017/12/16 11:00,17870.13072,924.1464048
1513425600,2017/12/16 12:00,17965.4058,1656.790372
1513429200,2017/12/16 13:00,18002.74453,1409.078511
1513432800,2017/12/16 14:00,18231.15656,3669.440222
1513436400,2017/12/16 15:00,18439.65731,3091.543407
1513440000,2017/12/16 16:00,18668.25529,5155.719748
1513443600,2017/12/16 17:00,18677.96422,3911.493319
1513447200,2017/12/16 18:00,18702.32511,1046.615056
1513450800,2017/12/16 19:00,18655.53078,1125.100799
1513454400,2017/12/16 20:00,18995.25844,3657.615363
1513458000,2017/12/16 21:00,19218.57812,3210.249051
1513461600,2017/12/16 22:00,19121.88136,1800.624037
1513465200,2017/12/16 23:00,19370.54204,3128.027903
1513468800,2017/12/17 00:00,19386.90541,2177.6402
1513472400,2017/12/17 01:00,19144.23262,2442.90662
1513476000,2017/12/17 02:00,19029.40015,1928.666002
1513479600,2017/12/17 03:00,19064.03733,1234.355027
1513483200,2017/12/17 04:00,19186.13038,1135.680821
1513486800,2017/12/17 05:00,19017.65949,1443.74944
1513490400,2017/12/17 06:00,19170.43682,1559.950789
1513494000,2017/12/17 07:00,19293.92768,824.3307062
1513497600,2017/12/17 08:00,19510.27199,2464.4565
1513501200,2017/12/17 09:00,19467.57729,1335.198751
1513504800,2017/12/17 10:00,19500.21917,2095.380832
1513508400,2017/12/17 11:00,19649.40966,2966.073498
1513512000,2017/12/17 12:00,19766.94727,2074.074419
1513515600,2017/12/17 13:00,19760.81482,1433.200807
1513519200,2017/12/17 14:00,19684.98436,1673.865058
1513522800,2017/12/17 15:00,19534.11566,1879.842137
1513526400,2017/12/17 16:00,19347.40732,1901.33781
1513530000,2017/12/17 17:00,19131.45118,4457.966956
1513533600,2017/12/17 18:00,19134.70695,2162.568409
1513537200,2017/12/17 19:00,18937.73428,1993.012618
1513540800,2017/12/17 20:00,18753.59806,3179.465372
1513544400,2017/12/17 21:00,19096.51163,2880.304006
1513548000,2017/12/17 22:00,18921.06604,1164.27733
1513551600,2017/12/17 23:00,19239.11495,2980.847522
1513555200,2017/12/18 00:00,18956.37425,4457.938306
1513558800,2017/12/18 01:00,18501.29556,7689.448744
1513562400,2017/12/18 02:00,18235.86869,7436.584525
1513566000,2017/12/18 03:00,18436.03394,2668.707424
1513569600,2017/12/18 04:00,18425.82885,1470.768942
1513573200,2017/12/18 05:00,18732.05014,1712.740268
1513576800,2017/12/18 06:00,18730.16421,974.5398737
1513580400,2017/12/18 07:00,18877.24898,974.9283889
1513584000,2017/12/18 08:00,18720.72225,1321.282255
1513587600,2017/12/18 09:00,18760.76189,1378.770173
1513591200,2017/12/18 10:00,18643.32895,2062.708086
1513594800,2017/12/18 11:00,18756.72596,1164.034989
1513598400,2017/12/18 12:00,19011.92917,2735.45245
1513602000,2017/12/18 13:00,18980.98049,1714.768716
1513605600,2017/12/18 14:00,18696.67223,2073.267722
1513609200,2017/12/18 15:00,18344.76557,4296.336893
1513612800,2017/12/18 16:00,18631.44367,2040.482122
1513616400,2017/12/18 17:00,18582.09544,1880.740387
1513620000,2017/12/18 18:00,18485.96029,1229.132841
1513623600,2017/12/18 19:00,18340.31145,1252.04153
1513627200,2017/12/18 20:00,18605.52749,1593.195739
1513630800,2017/12/18 21:00,18593.95883,1183.434508
1513634400,2017/12/18 22:00,18668.2884,955.5604089
1513638000,2017/12/18 23:00,18637.98912,1286.411855
1513641600,2017/12/19 00:00,18882.14423,2292.850358
1513645200,2017/12/19 01:00,18786.67923,1929.068452
1513648800,2017/12/19 02:00,18772.44206,1046.123413
1513652400,2017/12/19 03:00,18701.63242,1840.501145
1513656000,2017/12/19 04:00,18764.13577,2089.455047
1513659600,2017/12/19 05:00,18837.5821,1169.257018
1513663200,2017/12/19 06:00,18757.24696,1035.146401
1513666800,2017/12/19 07:00,18664.92073,878.7301294
1513670400,2017/12/19 08:00,18684.51301,1205.025535
1513674000,2017/12/19 09:00,18717.39274,841.0350937
1513677600,2017/12/19 10:00,18491.07909,2875.571641
1513681200,2017/12/19 11:00,18106.5644,6182.093514
1513684800,2017/12/19 12:00,17746.52541,6319.228852
1513688400,2017/12/19 13:00,17811.91701,3042.189287
1513692000,2017/12/19 14:00,18005.28166,3305.193918
1513695600,2017/12/19 15:00,17620.27954,4055.311627
1513699200,2017/12/19 16:00,17623.91358,2841.295182
1513702800,2017/12/19 17:00,17949.39773,3137.2512
1513706400,2017/12/19 18:00,18096.07417,2556.500433
1513710000,2017/12/19 19:00,18014.70054,1415.103904
1513713600,2017/12/19 20:00,17781.06363,1965.96567
1513717200,2017/12/19 21:00,17532.64542,2644.251118
1513720800,2017/12/19 22:00,16971.32087,7344.35382
1513724400,2017/12/19 23:00,17056.9651,3784.880517
1513728000,2017/12/20 00:00,17263.71096,2756.010796
1513731600,2017/12/20 01:00,16398.6604,9221.79888
1513735200,2017/12/20 02:00,16208.57324,7381.81829
1513738800,2017/12/20 03:00,16636.95142,5364.997526
1513742400,2017/12/20 04:00,16858.65146,2575.918362
1513746000,2017/12/20 05:00,16711.72769,1687.900608
1513749600,2017/12/20 06:00,16525.88076,2165.491205
1513753200,2017/12/20 07:00,16089.64515,3978.950246
1513756800,2017/12/20 08:00,16392.46335,2741.225242
1513760400,2017/12/20 09:00,16639.79345,2440.587264
1513764000,2017/12/20 10:00,16819.57948,1679.647542
1513767600,2017/12/20 11:00,17132.95529,2896.046527
1513771200,2017/12/20 12:00,17198.92571,1837.360522
1513774800,2017/12/20 13:00,17531.79731,2331.193567
1513778400,2017/12/20 14:00,17153.55132,4374.862691
1513782000,2017/12/20 15:00,17113.5382,2741.681036
1513785600,2017/12/20 16:00,16625.66932,2972.805182
1513789200,2017/12/20 17:00,16161.47147,4584.779053
1513792800,2017/12/20 18:00,16609.64099,3501.871746
1513796400,2017/12/20 19:00,16653.72914,1782.282463
1513800000,2017/12/20 20:00,16596.72529,2575.629928
1513803600,2017/12/20 21:00,16629.67717,2406.184081
1513807200,2017/12/20 22:00,16266.12377,2427.642743
1513810800,2017/12/20 23:00,15873.16956,5817.675381
1513814400,2017/12/21 00:00,16273.05,2331.450702
1513818000,2017/12/21 01:00,16536.38839,2729.581379
1513821600,2017/12/21 02:00,16448.85948,1976.835746
1513825200,2017/12/21 03:00,16426.82786,1390.114772
1513828800,2017/12/21 04:00,16505.15084,3321.792339
1513832400,2017/12/21 05:00,16935.61503,2211.915652
1513836000,2017/12/21 06:00,16786.46866,1645.50791
1513839600,2017/12/21 07:00,17007.1168,1488.670323
1513843200,2017/12/21 08:00,17064.70371,2492.626872
1513846800,2017/12/21 09:00,16726.48272,2127.113334
1513850400,2017/12/21 10:00,16755.00219,1338.729974
1513854000,2017/12/21 11:00,16501.78444,1855.825219
1513857600,2017/12/21 12:00,16583.79495,1473.978705
1513861200,2017/12/21 13:00,16670.34533,1319.679332
1513864800,2017/12/21 14:00,16302.31038,2647.972322
1513868400,2017/12/21 15:00,16100.83749,3278.41833
1513872000,2017/12/21 16:00,15487.38789,8840.100291
1513875600,2017/12/21 17:00,15505.53576,4673.403571
1513879200,2017/12/21 18:00,15179.70237,5824.718028
1513882800,2017/12/21 19:00,15283.75619,2655.012122
1513886400,2017/12/21 20:00,15183.46144,3337.369822
1513890000,2017/12/21 21:00,15195.35484,1849.391727
1513893600,2017/12/21 22:00,15377.44655,2614.190073
1513897200,2017/12/21 23:00,15515.48477,1890.92403
1513900800,2017/12/22 00:00,15491.21164,2380.813183
1513904400,2017/12/22 01:00,15378.67825,3545.588578
1513908000,2017/12/22 02:00,14632.65469,6676.994539
1513911600,2017/12/22 03:00,14333.48105,6160.396866
1513915200,2017/12/22 04:00,13605.86046,13965.64128
1513918800,2017/12/22 05:00,14288.22907,7725.034489
1513922400,2017/12/22 06:00,14061.52156,3813.586919
1513926000,2017/12/22 07:00,13636.93453,3920.277269
1513929600,2017/12/22 08:00,12610.34638,14371.81741
1513933200,2017/12/22 09:00,12896.6338,6447.408362
1513936800,2017/12/22 10:00,13385.49093,5728.761934
1513940400,2017/12/22 11:00,13838.46471,6178.23488
1513944000,2017/12/22 12:00,13393.80232,5059.105705
1513947600,2017/12/22 13:00,13417.91952,3339.05864
1513951200,2017/12/22 14:00,12318.4077,15865.89545
1513954800,2017/12/22 15:00,11520.83274,19363.51931
1513958400,2017/12/22 16:00,12317.57453,11116.70653
1513962000,2017/12/22 17:00,12253.49982,8098.907252
1513965600,2017/12/22 18:00,12559.44042,4913.077688
1513969200,2017/12/22 19:00,12820.54781,5021.701288
1513972800,2017/12/22 20:00,12946.0809,5100.82247
1513976400,2017/12/22 21:00,13377.23575,4669.874618
1513980000,2017/12/22 22:00,13624.9388,4339.601208
1513983600,2017/12/22 23:00,14008.89348,5121.196061
1513987200,2017/12/23 00:00,13409.10341,7194.24812
1513990800,2017/12/23 01:00,13277.50346,3746.655838
1513994400,2017/12/23 02:00,13352.86467,2073.707248
1513998000,2017/12/23 03:00,13681.94167,2354.019028
1514001600,2017/12/23 04:00,13798.94691,1931.495318
1514005200,2017/12/23 05:00,13985.14218,1893.595554
1514008800,2017/12/23 06:00,13668.07664,2598.148758
1514012400,2017/12/23 07:00,13324.02147,2150.798452
1514016000,2017/12/23 08:00,13841.39378,2270.896433
1514019600,2017/12/23 09:00,13999.34009,1424.800392
1514023200,2017/12/23 10:00,13860.99294,1516.41138
1514026800,2017/12/23 11:00,14082.2269,2129.061437
1514030400,2017/12/23 12:00,14464.64334,3443.57571
1514034000,2017/12/23 13:00,14477.56508,2827.409391
1514037600,2017/12/23 14:00,14522.71792,2425.881282
1514041200,2017/12/23 15:00,14770.31088,2865.018277
1514044800,2017/12/23 16:00,14634.87872,4692.569745
1514048400,2017/12/23 17:00,14534.91045,2313.766883
1514052000,2017/12/23 18:00,14591.38337,2863.931698
1514055600,2017/12/23 19:00,14559.87506,1769.514505
1514059200,2017/12/23 20:00,14424.94829,1140.637014
1514062800,2017/12/23 21:00,14610.33853,1377.025813
1514066400,2017/12/23 22:00,14849.36436,1707.198736
1514070000,2017/12/23 23:00,14742.65137,3383.784869
1514073600,2017/12/24 00:00,14107.2729,4895.269336
1514077200,2017/12/24 01:00,13753.97963,3669.760944
1514080800,2017/12/24 02:00,13549.01886,3307.370004
1514084400,2017/12/24 03:00,13187.45933,4465.502537
1514088000,2017/12/24 04:00,13282.18625,2993.633061
1514091600,2017/12/24 05:00,13147.2261,2235.66482
1514095200,2017/12/24 06:00,13275.85409,1528.809209
1514098800,2017/12/24 07:00,13538.6283,1496.543477
1514102400,2017/12/24 08:00,13567.45055,1718.808566
1514106000,2017/12/24 09:00,13302.17275,1406.632342
1514109600,2017/12/24 10:00,13092.02464,3221.586294
1514113200,2017/12/24 11:00,12600.57062,4405.574245
1514116800,2017/12/24 12:00,12098.63699,7086.150773
1514120400,2017/12/24 13:00,11963.86318,5620.204045
1514124000,2017/12/24 14:00,12419.85399,3932.143787
1514127600,2017/12/24 15:00,12872.11014,3763.131989
1514131200,2017/12/24 16:00,12652.67612,3703.416392
1514134800,2017/12/24 17:00,12798.2294,2451.297408
1514138400,2017/12/24 18:00,12678.21878,1418.200397
1514142000,2017/12/24 19:00,12366.30654,2410.926892
1514145600,2017/12/24 20:00,12202.19783,2406.153479
1514149200,2017/12/24 21:00,12696.63154,2849.222504
1514152800,2017/12/24 22:00,12709.49314,1154.361883
1514156400,2017/12/24 23:00,12840.42973,1877.318543
1514160000,2017/12/25 00:00,13335.39446,2955.585792
1514163600,2017/12/25 01:00,13458.8403,2141.605273
1514167200,2017/12/25 02:00,13245.31396,1533.241104
1514170800,2017/12/25 03:00,13043.85679,2140.237954
1514174400,2017/12/25 04:00,13011.61428,1129.898939
1514178000,2017/12/25 05:00,13245.51979,3676.743957
1514181600,2017/12/25 06:00,13349.72103,1104.001394
1514185200,2017/12/25 07:00,13509.76795,2265.439538
1514188800,2017/12/25 08:00,13537.57777,1228.696918
1514192400,2017/12/25 09:00,13699.12684,2093.781819
1514196000,2017/12/25 10:00,13741.72585,1640.597917
1514199600,2017/12/25 11:00,13684.7155,964.8117778
1514203200,2017/12/25 12:00,13808.35871,1079.694437
1514206800,2017/12/25 13:00,14058.92428,2246.914241
1514210400,2017/12/25 14:00,13801.0107,3637.072898
1514214000,2017/12/25 15:00,13351.1206,3916.397889
1514217600,2017/12/25 16:00,13438.56293,2033.655978
1514221200,2017/12/25 17:00,13645.61066,1500.957315
1514224800,2017/12/25 18:00,13534.71422,2219.232885
1514228400,2017/12/25 19:00,13794.8809,1897.754699
1514232000,2017/12/25 20:00,13802.69454,757.0575047
1514235600,2017/12/25 21:00,13613.34383,2484.701013
1514239200,2017/12/25 22:00,13517.08575,1465.024927
1514242800,2017/12/25 23:00,13463.93058,989.0691661
1514246400,2017/12/26 00:00,13634.15117,1358.251745
1514250000,2017/12/26 01:00,13773.69539,930.9597617
1514253600,2017/12/26 02:00,13650.02891,971.3861003
1514257200,2017/12/26 03:00,13732.02785,755.5600996
1514260800,2017/12/26 04:00,14139.98618,3323.87022
1514264400,2017/12/26 05:00,14610.58139,4662.660296
1514268000,2017/12/26 06:00,15036.23733,6835.814171
1514271600,2017/12/26 07:00,15050.79367,3870.298014
1514275200,2017/12/26 08:00,15014.00775,1748.00663
1514278800,2017/12/26 09:00,14994.84607,1479.768188
1514282400,2017/12/26 10:00,14990.11405,2364.755697
1514286000,2017/12/26 11:00,15139.20356,1583.544092
1514289600,2017/12/26 12:00,14803.95088,2830.999768
1514293200,2017/12/26 13:00,14847.86001,3302.313231
1514296800,2017/12/26 14:00,15088.5077,3021.163771
1514300400,2017/12/26 15:00,15444.48546,5092.333084
1514304000,2017/12/26 16:00,15599.88351,2738.893499
1514307600,2017/12/26 17:00,15847.76106,3189.770211
1514311200,2017/12/26 18:00,15635.09578,2747.232555
1514314800,2017/12/26 19:00,15612.60689,1665.121025
1514318400,2017/12/26 20:00,15743.25077,1498.644839
1514322000,2017/12/26 21:00,15912.42563,3281.517481
1514325600,2017/12/26 22:00,15762.85468,1505.939417
1514329200,2017/12/26 23:00,15724.51921,1577.955372
1514332800,2017/12/27 00:00,15600.54235,1679.343605
1514336400,2017/12/27 01:00,15643.96617,1541.893228
1514340000,2017/12/27 02:00,15856.39827,1479.391337
1514343600,2017/12/27 03:00,15773.97832,1107.162279
1514347200,2017/12/27 04:00,15761.60505,938.1951267
1514350800,2017/12/27 05:00,16226.34405,3015.763191
1514354400,2017/12/27 06:00,16305.03808,1319.14342
1514358000,2017/12/27 07:00,16411.45379,1804.664892
1514361600,2017/12/27 08:00,16175.59153,2898.549171
1514365200,2017/12/27 09:00,16161.16293,1300.328798
1514368800,2017/12/27 10:00,15917.74846,2580.764642
1514372400,2017/12/27 11:00,15600.51462,2826.372152
1514376000,2017/12/27 12:00,15653.13582,1508.947063
1514379600,2017/12/27 13:00,15841.92435,1125.049841
1514383200,2017/12/27 14:00,15698.4464,1187.756867
1514386800,2017/12/27 15:00,15385.54774,3183.121674
1514390400,2017/12/27 16:00,15179.7664,3073.062387
1514394000,2017/12/27 17:00,14902.26428,4974.254957
1514397600,2017/12/27 18:00,14731.1189,4448.543952
1514401200,2017/12/27 19:00,14979.1734,3177.924213
1514404800,2017/12/27 20:00,15020.42533,2163.322797
1514408400,2017/12/27 21:00,14756.73499,2765.485933
1514412000,2017/12/27 22:00,15062.85385,2480.062537
1514415600,2017/12/27 23:00,15335.72785,2139.42686
1514419200,2017/12/28 00:00,15357.90792,1296.760161
1514422800,2017/12/28 01:00,15224.03831,1568.135345
1514426400,2017/12/28 02:00,15264.26603,957.2343322
1514430000,2017/12/28 03:00,14568.02163,5420.397868
1514433600,2017/12/28 04:00,14179.70636,7605.962469
1514437200,2017/12/28 05:00,14328.24201,4603.866121
1514440800,2017/12/28 06:00,13840.67146,6188.932856
1514444400,2017/12/28 07:00,13816.47613,3961.554243
1514448000,2017/12/28 08:00,14044.90611,2911.196868
1514451600,2017/12/28 09:00,14012.06656,1901.196651
1514455200,2017/12/28 10:00,14227.63774,1359.021854
1514458800,2017/12/28 11:00,13758.28599,3324.28207
1514462400,2017/12/28 12:00,13484.15326,4250.097131
1514466000,2017/12/28 13:00,13750.89437,2364.506813
1514469600,2017/12/28 14:00,13947.32827,2070.760403
1514473200,2017/12/28 15:00,13932.03548,2657.091572
1514476800,2017/12/28 16:00,14235.89629,2426.837632
1514480400,2017/12/28 17:00,14032.16674,2629.95879
1514484000,2017/12/28 18:00,13862.35269,2391.516071
1514487600,2017/12/28 19:00,13669.16304,3600.715084
1514491200,2017/12/28 20:00,13650.82652,2013.802894
1514494800,2017/12/28 21:00,13891.92087,1608.334985
1514498400,2017/12/28 22:00,13788.80924,1717.589324
1514502000,2017/12/28 23:00,13982.61127,1732.376762
1514505600,2017/12/29 00:00,14106.34761,1446.360485
1514509200,2017/12/29 01:00,14274.34253,1328.650603
1514512800,2017/12/29 02:00,14180.23611,1570.516526
1514516400,2017/12/29 03:00,14706.16313,3701.493737
1514520000,2017/12/29 04:00,14814.30146,1315.692485
1514523600,2017/12/29 05:00,14870.25707,1402.180046
1514527200,2017/12/29 06:00,14883.95229,1446.48072
1514530800,2017/12/29 07:00,14982.7798,1522.142964
1514534400,2017/12/29 08:00,14594.43134,2674.980047
1514538000,2017/12/29 09:00,14508.28305,1983.483363
1514541600,2017/12/29 10:00,14323.71067,2552.50179
1514545200,2017/12/29 11:00,14122.44759,3948.347535
1514548800,2017/12/29 12:00,14081.76876,2109.510824
1514552400,2017/12/29 13:00,14078.22962,2424.690093
1514556000,2017/12/29 14:00,14075.12012,1882.396285
1514559600,2017/12/29 15:00,14340.32599,1909.460161
1514563200,2017/12/29 16:00,14387.74993,2632.373791
1514566800,2017/12/29 17:00,14638.87684,2139.26637
1514570400,2017/12/29 18:00,14636.29235,1528.377608
1514574000,2017/12/29 19:00,14514.428,1520.829666
1514577600,2017/12/29 20:00,14525.89299,1358.206346
1514581200,2017/12/29 21:00,14422.32279,2076.45965
1514584800,2017/12/29 22:00,14233.87664,2076.0373
1514588400,2017/12/29 23:00,14250.47606,1188.967735
1514592000,2017/12/30 00:00,14441.27845,1155.628659
1514595600,2017/12/30 01:00,14129.5967,2510.388209
1514599200,2017/12/30 02:00,13956.76936,3139.026354
1514602800,2017/12/30 03:00,13201.87947,8380.362834
1514606400,2017/12/30 04:00,13172.89792,3032.41602
1514610000,2017/12/30 05:00,13139.62018,2804.840925
1514613600,2017/12/30 06:00,13043.45069,1878.234955
1514617200,2017/12/30 07:00,13267.73942,1737.053797
1514620800,2017/12/30 08:00,13418.59295,2168.971706
1514624400,2017/12/30 09:00,13356.63972,1524.94689
1514628000,2017/12/30 10:00,13154.30906,1815.94355
1514631600,2017/12/30 11:00,12998.97085,3088.607237
1514635200,2017/12/30 12:00,13085.36597,1432.722696
1514638800,2017/12/30 13:00,12628.01591,4766.30892
1514642400,2017/12/30 14:00,12175.18131,7012.364286
1514646000,2017/12/30 15:00,12245.7353,5789.8465
1514649600,2017/12/30 16:00,12290.54242,2954.600277
1514653200,2017/12/30 17:00,11944.41788,4560.582397
1514656800,2017/12/30 18:00,12250.26419,4119.237255
1514660400,2017/12/30 19:00,12400.16211,2288.771999
1514664000,2017/12/30 20:00,12814.7365,3291.623155
1514667600,2017/12/30 21:00,12771.98442,2055.908004
1514671200,2017/12/30 22:00,12680.35034,1147.615438
1514674800,2017/12/30 23:00,12765.65819,1032.741692
1514678400,2017/12/31 00:00,12586.4876,1676.787332
1514682000,2017/12/31 01:00,12532.2037,2527.830025
1514685600,2017/12/31 02:00,12908.44987,2116.55507
1514689200,2017/12/31 03:00,13070.12554,2013.178546
1514692800,2017/12/31 04:00,13189.89458,2472.394721
1514696400,2017/12/31 05:00,12898.30471,1171.639453
1514700000,2017/12/31 06:00,12916.43825,966.2693214
1514703600,2017/12/31 07:00,12629.02694,1200.526552
1514707200,2017/12/31 08:00,12713.84996,877.9541136
1514710800,2017/12/31 09:00,12718.69313,1411.09782
1514714400,2017/12/31 10:00,12526.20653,1715.52877
1514718000,2017/12/31 11:00,12665.55865,997.5017543
1514721600,2017/12/31 12:00,12944.73308,1213.073989
1514725200,2017/12/31 13:00,13069.80528,2752.838206
1514728800,2017/12/31 14:00,13041.19227,1772.10247
1514732400,2017/12/31 15:00,13299.94255,2372.935146
1514736000,2017/12/31 16:00,13280.94853,1734.809551
1514739600,2017/12/31 17:00,13850.62084,6894.481299
1514743200,2017/12/31 18:00,13854.65001,1951.057476
1514746800,2017/12/31 19:00,13817.07674,1228.644067
1514750400,2017/12/31 20:00,13852.81848,783.2204557
1514754000,2017/12/31 21:00,14042.83582,1800.313221
1514757600,2017/12/31 22:00,13927.7438,1043.073685
1514761200,2017/12/31 23:00,13860.86887,805.5124237
1514764800,2018/01/01 00:00,13800.69635,1004.795184
1514768400,2018/01/01 01:00,13604.5098,1450.466319
1514772000,2018/01/01 02:00,13458.51965,1376.968126
1514775600,2018/01/01 03:00,13331.10939,1216.021044
1514779200,2018/01/01 04:00,13452.00068,1053.035537
1514782800,2018/01/01 05:00,13414.8523,841.1895351
1514786400,2018/01/01 06:00,13533.99944,529.9080176
1514790000,2018/01/01 07:00,13635.63434,1145.365846
1514793600,2018/01/01 08:00,13722.91227,952.4240121
1514797200,2018/01/01 09:00,13533.44084,1322.351886
1514800800,2018/01/01 10:00,13525.8505,937.4909964
1514804400,2018/01/01 11:00,13526.80952,468.8619945
1514808000,2018/01/01 12:00,13216.177,2280.233027
1514811600,2018/01/01 13:00,13175.33726,976.5769772
1514815200,2018/01/01 14:00,13011.6668,2005.70125
1514818800,2018/01/01 15:00,12916.19227,2352.080279
1514822400,2018/01/01 16:00,13202.85566,1229.46126
1514826000,2018/01/01 17:00,13073.82,1042.420379
1514829600,2018/01/01 18:00,13095.40383,704.535128
1514833200,2018/01/01 19:00,13138.91128,1473.616345
1514836800,2018/01/01 20:00,13161.72466,785.6114174
1514840400,2018/01/01 21:00,13401.62299,1556.901413
1514844000,2018/01/01 22:00,13547.73494,1718.197709
1514847600,2018/01/01 23:00,13534.03985,872.870981
1514851200,2018/01/02 00:00,13409.29604,1080.757583
1514854800,2018/01/02 01:00,13744.61632,2686.160505
1514858400,2018/01/02 02:00,13729.20184,1547.520914
1514862000,2018/01/02 03:00,13531.60427,1993.474325
1514865600,2018/01/02 04:00,13352.28844,2147.249381
1514869200,2018/01/02 05:00,13063.71126,3337.962313
1514872800,2018/01/02 06:00,13078.67958,1395.505265
1514876400,2018/01/02 07:00,13184.394,834.4902114
1514880000,2018/01/02 08:00,13264.70157,847.7801711
1514883600,2018/01/02 09:00,13388.33218,816.4694876
1514887200,2018/01/02 10:00,13494.14249,1317.321233
1514890800,2018/01/02 11:00,13607.89582,1086.732583
1514894400,2018/01/02 12:00,13513.96986,1018.701628
1514898000,2018/01/02 13:00,13563.85544,1000.589257
1514901600,2018/01/02 14:00,13816.68014,2423.508258
1514905200,2018/01/02 15:00,13847.95045,1541.345731
1514908800,2018/01/02 16:00,13698.2833,1514.548313
1514912400,2018/01/02 17:00,13786.0865,1333.000277
1514916000,2018/01/02 18:00,13787.80169,1904.39896
1514919600,2018/01/02 19:00,14420.67304,8463.578561
1514923200,2018/01/02 20:00,15013.50214,7777.29519
1514926800,2018/01/02 21:00,15111.15124,4555.192597
1514930400,2018/01/02 22:00,14833.19326,2038.810596
1514934000,2018/01/02 23:00,14912.9907,2354.805676
1514937600,2018/01/03 00:00,14749.75207,1609.203584
1514941200,2018/01/03 01:00,14823.30566,1634.162491
1514944800,2018/01/03 02:00,14790.48076,1209.549569
1514948400,2018/01/03 03:00,14903.81155,1912.394303
1514952000,2018/01/03 04:00,15070.5158,1819.223442
1514955600,2018/01/03 05:00,15052.73183,1526.069434
1514959200,2018/01/03 06:00,15108.23453,893.7213574
1514962800,2018/01/03 07:00,15233.23789,1708.634617
1514966400,2018/01/03 08:00,15347.40684,1789.328935
1514970000,2018/01/03 09:00,15162.96559,1545.014293
1514973600,2018/01/03 10:00,14907.09518,2332.269803
1514977200,2018/01/03 11:00,14656.27883,2762.419229
1514980800,2018/01/03 12:00,14736.96708,1293.368164
1514984400,2018/01/03 13:00,14706.2304,1239.132976
1514988000,2018/01/03 14:00,14771.64971,1093.884658
1514991600,2018/01/03 15:00,14943.83188,1806.828413
1514995200,2018/01/03 16:00,14992.80631,1542.662434
1514998800,2018/01/03 17:00,15113.81042,1693.631429
1515002400,2018/01/03 18:00,15021.28058,1557.133343
1515006000,2018/01/03 19:00,14848.46162,1725.941749
1515009600,2018/01/03 20:00,14802.1817,1341.42257
1515013200,2018/01/03 21:00,14807.41125,1378.86635
1515016800,2018/01/03 22:00,14968.50847,1512.965985
1515020400,2018/01/03 23:00,14979.10642,1004.225161
1515024000,2018/01/04 00:00,14968.00571,1311.892073
1515027600,2018/01/04 01:00,15082.61481,1685.927112
1515031200,2018/01/04 02:00,15138.3853,2797.993584
1515034800,2018/01/04 03:00,15302.18767,1805.557989
1515038400,2018/01/04 04:00,15147.689,1787.413891
1515042000,2018/01/04 05:00,14914.84132,1767.233719
1515045600,2018/01/04 06:00,14841.63332,1464.108096
1515049200,2018/01/04 07:00,14966.58874,1461.228721
1515052800,2018/01/04 08:00,14818.477,1870.06388
1515056400,2018/01/04 09:00,14446.82524,3879.581582
1515060000,2018/01/04 10:00,14321.66162,2078.105486
1515063600,2018/01/04 11:00,14469.12691,1777.37562
1515067200,2018/01/04 12:00,14426.95022,1527.367244
1515070800,2018/01/04 13:00,14390.6864,2571.745754
1515074400,2018/01/04 14:00,14503.50201,1432.640957
1515078000,2018/01/04 15:00,14532.0705,1750.073197
1515081600,2018/01/04 16:00,14529.56709,2647.652081
1515085200,2018/01/04 17:00,14466.87769,1414.000033
1515088800,2018/01/04 18:00,14661.58719,1729.659461
1515092400,2018/01/04 19:00,14858.4764,2190.482488
1515096000,2018/01/04 20:00,14901.2655,2163.753996
1515099600,2018/01/04 21:00,15013.00381,2516.792635
1515103200,2018/01/04 22:00,14938.51281,1186.33404
1515106800,2018/01/04 23:00,14931.70334,1114.800893
1515110400,2018/01/05 00:00,15078.86063,1243.938589
1515114000,2018/01/05 01:00,15013.65871,1019.949145
1515117600,2018/01/05 02:00,15029.82912,796.3834805
1515121200,2018/01/05 03:00,15127.65487,1573.399541
1515124800,2018/01/05 04:00,14982.69079,965.7671639
1515128400,2018/01/05 05:00,14884.65629,1201.299846
1515132000,2018/01/05 06:00,14908.9905,1318.859823
1515135600,2018/01/05 07:00,14971.11576,887.9598886
1515139200,2018/01/05 08:00,14894.91222,928.8837759
1515142800,2018/01/05 09:00,15278.88732,2987.917935
1515146400,2018/01/05 10:00,15873.48837,7435.218677
1515150000,2018/01/05 11:00,16060.69113,3200.896168
1515153600,2018/01/05 12:00,16043.72229,2415.631942
1515157200,2018/01/05 13:00,15920.48444,1864.886873
1515160800,2018/01/05 14:00,15973.35993,1790.444272
1515164400,2018/01/05 15:00,16012.14216,1960.983248
1515168000,2018/01/05 16:00,15997.049,1595.462672
1515171600,2018/01/05 17:00,16270.62703,3728.806059
1515175200,2018/01/05 18:00,16467.37105,4864.715137
1515178800,2018/01/05 19:00,16461.53764,1992.38617
1515182400,2018/01/05 20:00,16350.92719,1892.195965
1515186000,2018/01/05 21:00,16442.53897,1916.134547
1515189600,2018/01/05 22:00,16793.00927,3070.741247
1515193200,2018/01/05 23:00,16883.39653,2235.679513
1515196800,2018/01/06 00:00,16956.78192,2521.075211
1515200400,2018/01/06 01:00,16755.58252,2215.693913
1515204000,2018/01/06 02:00,16982.92489,1224.580674
1515207600,2018/01/06 03:00,16811.59931,1784.976898
1515211200,2018/01/06 04:00,16660.19812,1010.164706
1515214800,2018/01/06 05:00,16522.20373,1535.596696
1515218400,2018/01/06 06:00,16571.75222,1188.388949
1515222000,2018/01/06 07:00,16627.10682,797.6023699
1515225600,2018/01/06 08:00,16468.22957,1017.37073
1515229200,2018/01/06 09:00,16512.20858,600.5114574
1515232800,2018/01/06 10:00,16440.03037,1064.158121
1515236400,2018/01/06 11:00,16581.59336,1106.507193
1515240000,2018/01/06 12:00,16607.16909,1039.524089
1515243600,2018/01/06 13:00,16439.74227,1309.676882
1515247200,2018/01/06 14:00,16330.45753,1030.237831
1515250800,2018/01/06 15:00,16429.0727,974.9493807
1515254400,2018/01/06 16:00,16616.4552,973.4096027
1515258000,2018/01/06 17:00,16786.85591,1568.665701
1515261600,2018/01/06 18:00,16876.15943,966.6136646
1515265200,2018/01/06 19:00,16881.95076,1603.135411
1515268800,2018/01/06 20:00,16755.825,734.6795682
1515272400,2018/01/06 21:00,16811.27683,666.3282351
1515276000,2018/01/06 22:00,16816.74835,547.0898042
1515279600,2018/01/06 23:00,17120.18544,3448.222753
1515283200,2018/01/07 00:00,17159.23901,980.8074345
1515286800,2018/01/07 01:00,17026.55797,1775.794394
1515290400,2018/01/07 02:00,16957.1859,1434.604165
1515294000,2018/01/07 03:00,16844.39365,1356.19022
1515297600,2018/01/07 04:00,16712.22123,1044.806869
1515301200,2018/01/07 05:00,16615.53788,1604.337674
1515304800,2018/01/07 06:00,16694.57393,1238.716133
1515308400,2018/01/07 07:00,16540.05069,1223.969882
1515312000,2018/01/07 08:00,16584.93025,906.1504838
1515315600,2018/01/07 09:00,16806.14888,710.3265136
1515319200,2018/01/07 10:00,16717.92152,576.2312408
1515322800,2018/01/07 11:00,16725.78183,752.1569258
1515326400,2018/01/07 12:00,16694.43115,772.1479009
1515330000,2018/01/07 13:00,16538.2411,1231.03335
1515333600,2018/01/07 14:00,16425.72626,1608.26475
1515337200,2018/01/07 15:00,16535.31549,689.4351608
1515340800,2018/01/07 16:00,16507.80604,540.6054534
1515344400,2018/01/07 17:00,16229.49312,2624.649111
1515348000,2018/01/07 18:00,15983.93473,3587.654114
1515351600,2018/01/07 19:00,15933.82772,2511.183327
1515355200,2018/01/07 20:00,16143.72397,1038.570808
1515358800,2018/01/07 21:00,16056.67901,931.0528721
1515362400,2018/01/07 22:00,16250.34016,918.9196883
1515366000,2018/01/07 23:00,16383.10271,894.734849
1515369600,2018/01/08 00:00,16296.29598,846.6225067
1515373200,2018/01/08 01:00,16140.89561,1662.978028
1515376800,2018/01/08 02:00,15861.53966,1992.644081
1515380400,2018/01/08 03:00,15893.57635,1674.228259
1515384000,2018/01/08 04:00,15659.9987,2419.037979
1515387600,2018/01/08 05:00,15689.3951,1287.726173
1515391200,2018/01/08 06:00,15761.39907,1470.017815
1515394800,2018/01/08 07:00,15825.42242,987.7197272
1515398400,2018/01/08 08:00,15889.67815,765.8552232
1515402000,2018/01/08 09:00,15584.47924,2018.145979
1515405600,2018/01/08 10:00,15320.76595,3092.509381
1515409200,2018/01/08 11:00,15267.53899,1729.227698
1515412800,2018/01/08 12:00,15427.21632,1082.357236
1515416400,2018/01/08 13:00,15379.37277,1008.693156
1515420000,2018/01/08 14:00,14888.55466,6175.850127
1515423600,2018/01/08 15:00,14590.82476,6273.118245
1515427200,2018/01/08 16:00,14296.97721,9823.468058
1515430800,2018/01/08 17:00,14688.26337,4175.050473
1515434400,2018/01/08 18:00,14659.04766,2849.510017
1515438000,2018/01/08 19:00,14924.8772,2368.494002
1515441600,2018/01/08 20:00,15023.066,1809.068394
1515445200,2018/01/08 21:00,14845.42754,2403.204821
1515448800,2018/01/08 22:00,14911.13201,957.2837245
1515452400,2018/01/08 23:00,14686.54656,3096.24293
1515456000,2018/01/09 00:00,14713.57222,2444.256795
1515459600,2018/01/09 01:00,15017.71493,1728.870873
1515463200,2018/01/09 02:00,15157.47818,1774.916058
1515466800,2018/01/09 03:00,15207.64617,1072.058212
1515470400,2018/01/09 04:00,15269.22007,1446.464101
1515474000,2018/01/09 05:00,15293.38042,861.6225586
1515477600,2018/01/09 06:00,15073.00869,2918.153221
1515481200,2018/01/09 07:00,14937.84434,1802.237172
1515484800,2018/01/09 08:00,15059.02605,800.0214795
1515488400,2018/01/09 09:00,15175.12648,918.6958816
1515492000,2018/01/09 10:00,15059.31706,1327.129591
1515495600,2018/01/09 11:00,14634.59163,2948.895658
1515499200,2018/01/09 12:00,14666.95635,1238.523456
1515502800,2018/01/09 13:00,14703.37837,1656.33093
1515506400,2018/01/09 14:00,14379.19223,3406.113685
1515510000,2018/01/09 15:00,14352.27354,4608.859958
1515513600,2018/01/09 16:00,14621.02933,2272.949701
1515517200,2018/01/09 17:00,14827.91036,1447.045647
1515520800,2018/01/09 18:00,14854.84177,1473.694125
1515524400,2018/01/09 19:00,14892.64126,1128.935163
1515528000,2018/01/09 20:00,14733.37724,1474.130753
1515531600,2018/01/09 21:00,14691.13529,1210.980566
1515535200,2018/01/09 22:00,14633.02914,1048.951554
1515538800,2018/01/09 23:00,14457.83267,1603.600952
1515542400,2018/01/10 00:00,14290.45534,2726.789787
1515546000,2018/01/10 01:00,14079.40868,3924.160906
1515549600,2018/01/10 02:00,14158.85873,2050.926776
1515553200,2018/01/10 03:00,14195.05244,1198.573235
1515556800,2018/01/10 04:00,14213.84632,1669.458718
1515560400,2018/01/10 05:00,14213.26619,1952.456729
1515564000,2018/01/10 06:00,14144.84911,1758.63975
1515567600,2018/01/10 07:00,14219.09439,1311.459145
1515571200,2018/01/10 08:00,14138.92141,1756.847103
1515574800,2018/01/10 09:00,13618.5518,6023.338333
1515578400,2018/01/10 10:00,13608.3035,3302.836935
1515582000,2018/01/10 11:00,13723.09523,1664.468563
1515585600,2018/01/10 12:00,13882.51576,1963.019856
1515589200,2018/01/10 13:00,13902.25489,1539.65817
1515592800,2018/01/10 14:00,13908.9257,2012.142838
1515596400,2018/01/10 15:00,13694.29268,2016.764605
1515600000,2018/01/10 16:00,14158.39996,8168.407748
1515603600,2018/01/10 17:00,14498.80152,3943.891479
1515607200,2018/01/10 18:00,14411.98088,1825.585825
1515610800,2018/01/10 19:00,14558.36663,1688.766715
1515614400,2018/01/10 20:00,14370.30741,1599.814629
1515618000,2018/01/10 21:00,14357.4157,1059.301405
1515621600,2018/01/10 22:00,14498.25037,1113.770176
1515625200,2018/01/10 23:00,14400.69765,1645.875452
1515628800,2018/01/11 00:00,14615.79591,1875.725639
1515632400,2018/01/11 01:00,14796.55814,1991.275244
1515636000,2018/01/11 02:00,14552.53565,1245.134431
1515639600,2018/01/11 03:00,14369.09407,1532.819405
1515643200,2018/01/11 04:00,13587.92565,6832.45467
1515646800,2018/01/11 05:00,13061.84914,9656.842401
1515650400,2018/01/11 06:00,13341.57982,5117.458695
1515654000,2018/01/11 07:00,13357.28199,2928.191843
1515657600,2018/01/11 08:00,13438.86735,3359.3305
1515661200,2018/01/11 09:00,13722.12492,2786.678327
1515664800,2018/01/11 10:00,13567.66497,1553.020715
1515668400,2018/01/11 11:00,13399.35886,1834.575811
1515672000,2018/01/11 12:00,13301.77806,2563.656131
1515675600,2018/01/11 13:00,13688.33342,2270.618874
1515679200,2018/01/11 14:00,13742.59413,1549.995545
1515682800,2018/01/11 15:00,13689.72695,2648.877867
1515686400,2018/01/11 16:00,14068.76003,4072.252648
1515690000,2018/01/11 17:00,14041.5514,1689.734966
1515693600,2018/01/11 18:00,13747.2862,1901.235919
1515697200,2018/01/11 19:00,13735.78453,1290.511998
1515700800,2018/01/11 20:00,13500.51413,2953.752449
1515704400,2018/01/11 21:00,13377.05917,2436.668158
1515708000,2018/01/11 22:00,13331.77029,1614.622708
1515711600,2018/01/11 23:00,13123.77838,3795.464838
1515715200,2018/01/12 00:00,13088.61475,2563.062408
1515718800,2018/01/12 01:00,12983.59095,2805.979255
1515722400,2018/01/12 02:00,13225.53027,2007.723247
1515726000,2018/01/12 03:00,13440.29642,1440.545241
1515729600,2018/01/12 04:00,13550.85091,1341.788976
1515733200,2018/01/12 05:00,13589.30721,1157.66023
1515736800,2018/01/12 06:00,13546.43294,2070.502179
1515740400,2018/01/12 07:00,13701.11968,1809.303973
1515744000,2018/01/12 08:00,13711.08722,1041.752823
1515747600,2018/01/12 09:00,13562.24483,1156.499909
1515751200,2018/01/12 10:00,13471.70168,1445.54546
1515754800,2018/01/12 11:00,13843.20253,2089.272064
1515758400,2018/01/12 12:00,14005.33433,3588.335063
1515762000,2018/01/12 13:00,13938.50437,1721.742822
1515765600,2018/01/12 14:00,13944.20865,1339.072183
1515769200,2018/01/12 15:00,13824.67023,1345.240827
1515772800,2018/01/12 16:00,13731.32844,2142.926673
1515776400,2018/01/12 17:00,13517.53541,1455.722493
1515780000,2018/01/12 18:00,13564.574,980.7509627
1515783600,2018/01/12 19:00,13514.66222,1045.654458
1515787200,2018/01/12 20:00,13640.82935,977.5271964
1515790800,2018/01/12 21:00,13836.94975,1214.424391
1515794400,2018/01/12 22:00,13760.52164,938.4784495
1515798000,2018/01/12 23:00,13630.78973,1088.575331
1515801600,2018/01/13 00:00,13720.46472,943.8046383
1515805200,2018/01/13 01:00,13987.05318,2249.305971
1515808800,2018/01/13 02:00,14177.8688,1703.975522
1515812400,2018/01/13 03:00,14132.32304,927.6888668
1515816000,2018/01/13 04:00,14007.92306,1203.626084
1515819600,2018/01/13 05:00,14089.17579,931.2183914
1515823200,2018/01/13 06:00,14160.86183,1226.355138
1515826800,2018/01/13 07:00,14120.4837,964.0354874
1515830400,2018/01/13 08:00,14295.35194,1201.937405
1515834000,2018/01/13 09:00,14269.94347,1042.120686
1515837600,2018/01/13 10:00,14137.67855,1062.897996
1515841200,2018/01/13 11:00,14225.62242,985.7668319
1515844800,2018/01/13 12:00,14211.47386,881.2379692
1515848400,2018/01/13 13:00,14376.04311,1379.999087
1515852000,2018/01/13 14:00,14487.45263,1824.411373
1515855600,2018/01/13 15:00,14380.40127,2313.656304
1515859200,2018/01/13 16:00,14253.527,1656.319598
1515862800,2018/01/13 17:00,14309.26826,1131.672642
1515866400,2018/01/13 18:00,14270.91902,1030.02523
1515870000,2018/01/13 19:00,14313.52561,800.583373
1515873600,2018/01/13 20:00,14141.2405,1118.775882
1515877200,2018/01/13 21:00,14178.86813,826.2530497
1515880800,2018/01/13 22:00,14154.10667,792.2468711
1515884400,2018/01/13 23:00,14270.39177,748.8754609
1515888000,2018/01/14 00:00,14227.88018,668.7311088
1515891600,2018/01/14 01:00,14215.87229,851.6556659
1515895200,2018/01/14 02:00,14305.9206,709.4092789
1515898800,2018/01/14 03:00,14264.83188,817.3915323
1515902400,2018/01/14 04:00,14202.37236,361.4121606
1515906000,2018/01/14 05:00,13949.79103,2389.019572
1515909600,2018/01/14 06:00,13707.2499,1819.361175
1515913200,2018/01/14 07:00,13829.78452,849.5574846
1515916800,2018/01/14 08:00,13751.46569,785.9636661
1515920400,2018/01/14 09:00,13710.04347,798.2877448
1515924000,2018/01/14 10:00,13467.01025,2114.863018
1515927600,2018/01/14 11:00,13554.29384,883.3062819
1515931200,2018/01/14 12:00,13456.71226,1180.241519
1515934800,2018/01/14 13:00,13235.76593,2394.95955
1515938400,2018/01/14 14:00,13346.26794,1953.931159
1515942000,2018/01/14 15:00,13443.1904,995.3800938
1515945600,2018/01/14 16:00,13076.75977,4261.43828
1515949200,2018/01/14 17:00,13164.6375,1705.32143
1515952800,2018/01/14 18:00,13338.09389,1269.077172
1515956400,2018/01/14 19:00,13514.06931,1711.414334
1515960000,2018/01/14 20:00,13390.86208,1094.828416
1515963600,2018/01/14 21:00,13377.9066,2369.046499
1515967200,2018/01/14 22:00,13406.8704,1766.651228
1515970800,2018/01/14 23:00,13436.05933,1104.665137
1515974400,2018/01/15 00:00,13619.19763,1074.625272
1515978000,2018/01/15 01:00,13638.90388,965.2050617
1515981600,2018/01/15 02:00,13653.19859,1185.262451
1515985200,2018/01/15 03:00,13488.89987,1116.546377
1515988800,2018/01/15 04:00,13396.28714,1114.338529
1515992400,2018/01/15 05:00,13568.82633,1075.731448
1515996000,2018/01/15 06:00,13545.8198,797.8988571
1515999600,2018/01/15 07:00,13726.50521,1192.815471
1516003200,2018/01/15 08:00,13673.70601,1000.277614
1516006800,2018/01/15 09:00,13586.85506,1443.032491
1516010400,2018/01/15 10:00,13634.19388,1336.91431
1516014000,2018/01/15 11:00,13755.70016,1207.691724
1516017600,2018/01/15 12:00,13674.68513,1840.855161
1516021200,2018/01/15 13:00,13877.01319,2703.379645
1516024800,2018/01/15 14:00,14148.55025,2801.938428
1516028400,2018/01/15 15:00,14247.56919,1764.268103
1516032000,2018/01/15 16:00,14077.02769,1086.76419
1516035600,2018/01/15 17:00,14068.34636,1276.925161
1516039200,2018/01/15 18:00,14024.32463,983.6415194
1516042800,2018/01/15 19:00,13915.90614,916.8234307
1516046400,2018/01/15 20:00,13825.34023,1366.431611
1516050000,2018/01/15 21:00,13786.13475,1149.226692
1516053600,2018/01/15 22:00,13800.79861,1081.57526
1516057200,2018/01/15 23:00,13837.88789,679.4405558
1516060800,2018/01/16 00:00,13586.18426,3042.769591
1516064400,2018/01/16 01:00,13298.86129,4437.866293
1516068000,2018/01/16 02:00,12993.68157,6182.30322
1516071600,2018/01/16 03:00,12929.50914,4005.849063
1516075200,2018/01/16 04:00,12956.06011,2499.825543
1516078800,2018/01/16 05:00,12942.3375,1722.758173
1516082400,2018/01/16 06:00,13005.39899,1221.358791
1516086000,2018/01/16 07:00,13089.27052,898.2653117
1516089600,2018/01/16 08:00,12731.00956,4610.044555
1516093200,2018/01/16 09:00,11961.2776,14235.40935
1516096800,2018/01/16 10:00,11512.0417,8318.814235
1516100400,2018/01/16 11:00,11640.85587,7306.755097
1516104000,2018/01/16 12:00,11881.37426,4358.833113
1516107600,2018/01/16 13:00,11800.47369,4161.358244
1516111200,2018/01/16 14:00,11666.20082,4462.437804
1516114800,2018/01/16 15:00,11667.86863,4093.41953
1516118400,2018/01/16 16:00,11824.47734,3672.287934
1516122000,2018/01/16 17:00,11792.26591,3036.125883
1516125600,2018/01/16 18:00,11351.22969,7092.421061
1516129200,2018/01/16 19:00,11041.0231,7734.877926
1516132800,2018/01/16 20:00,11440.2242,4935.890886
1516136400,2018/01/16 21:00,11079.81728,5065.84755
1516140000,2018/01/16 22:00,10596.42321,8618.721296
1516143600,2018/01/16 23:00,10387.01913,9729.34287
1516147200,2018/01/17 00:00,11064.03307,6507.536592
1516150800,2018/01/17 01:00,11182.29057,6149.123604
1516154400,2018/01/17 02:00,11087.24174,4104.489296
1516158000,2018/01/17 03:00,10940.92867,3540.668471
1516161600,2018/01/17 04:00,10525.32145,5234.196253
1516165200,2018/01/17 05:00,10768.18647,4354.344574
1516168800,2018/01/17 06:00,10831.32802,3083.020548
1516172400,2018/01/17 07:00,11096.08406,2766.927539
1516176000,2018/01/17 08:00,10936.0379,2844.531088
1516179600,2018/01/17 09:00,10603.54473,5572.705145
1516183200,2018/01/17 10:00,10378.76173,4154.220542
1516186800,2018/01/17 11:00,10029.69363,7688.832838
1516190400,2018/01/17 12:00,10014.41952,8648.505813
1516194000,2018/01/17 13:00,10176.03282,4748.206399
1516197600,2018/01/17 14:00,10053.80708,3441.098833
